term,definition,lang,source
2D graphics,"Graphic rendering technique in a two-dimensional perspective, often using sprites .",en,wikipedia_glossary
2.5D graphics,Also isometric graphics . Graphic rendering technique of three-dimensional objects set in a two-dimensional plane of movement. Often includes games where some objects are still rendered as sprites .,en,wikipedia_glossary
360 no-scope,A 360 no-scope usually refers to a trick shot in a first or third-person shooter video game in which one player kills another with a sniper rifle by first spinning a full circle and then quickly shooting without looking through the scope.,en,wikipedia_glossary
3D graphics,Graphic rendering technique featuring three-dimensional objects.,en,wikipedia_glossary
4K resolution,"An aspect ratio of digital display devices such as televisions and monitors, supporting up to 3840 × 2160 pixel (roughly 4 kilopixels wide) resolutions.",en,wikipedia_glossary
8-bit,"A descriptor for hardware or software that arose during the third generation of video game consoles , targeting 8-bit computer architecture.",en,wikipedia_glossary
8K resolution,"An aspect ratio of digital display devices such as televisions and monitors, supporting up to 7680 × 4320 pixel (roughly 8 kilopixels wide) resolutions.",en,wikipedia_glossary
16-bit,"A descriptor for hardware or software that arose during the fourth generation of video game consoles , targeting 16-bit computer architecture.",en,wikipedia_glossary
32-bit,"A descriptor for hardware or software that arose during the fifth generation of video game consoles , targeting 32-bit computer architecture.",en,wikipedia_glossary
64-bit,"A descriptor for hardware or software that arose during the fifth generation of video game consoles , targeting 64-bit computer architecture.",en,wikipedia_glossary
abandonware,"A game that is forgotten about or abandoned by its developers for any number of reasons, including copyright issues. [ 6 ]",en,wikipedia_glossary
achievement,"Also badge , trophy , medal , cheevo . Meta-goals defined outside a game's parameters. May be external achievements such as those on Xbox Live or Steam , internal achievements such as those in Clash of Clans , or both.",en,wikipedia_glossary
achievement hunter,A player who attempts to collect all achievements in a game. Achievement hunters tend to be completionists .,en,wikipedia_glossary
action game,"A game genre emphasizing hand–eye coordination, reflexes, timing, and other physical skills. It includes fighting games, shooter s, and platformer s.",en,wikipedia_glossary
action point (AP),"A subunit of a player's turn. For example, a game may allow an action to occur only so long as the player has sufficient 'action points' to complete the action. [ 8 ] [ 9 ]",en,wikipedia_glossary
action role-playing game (ARPG),A genre of role-playing video game where battle actions are performed in real-time instead of a turn-based mechanic.,en,wikipedia_glossary
actions per minute (APM),The total number of actions that a player can perform in a minute.,en,wikipedia_glossary
adaptive music,Game music which changes and reacts to the actions of the player and state of the game in an attempt to better reflect the game atmosphere. [ 10 ],en,wikipedia_glossary
adaptive AI,A form of artificial intelligence which takes data based on how the player performs and uses it to learn to better counter the player.,en,wikipedia_glossary
add-on,See downloadable content .,en,wikipedia_glossary
advance and secure (AAS),A player versus player team-based game mode used in tactical first-person shooter games where the players on opposing teams must capture certain predefined points of interest in a game environment in a certain preset order.,en,wikipedia_glossary
adventure game,A game genre which emphasizes exploration and puzzle-solving.,en,wikipedia_glossary
aggro,"An abbreviation of 'aggravation' or 'aggression'. 'Causing aggro' or 'aggroing' in a video game means to attract hostile attention from NPCs or enemies to attack the player-character. 'Managing aggro' involves keeping aggressive NPCs from overwhelming the player or party . [ 12 ] The term may be facetiously used in reference to irritated bystanders ('wife aggro', 'mother aggro', etc). Also see hate and rushdown .",en,wikipedia_glossary
aimbot,"A first-person shooter cheat that allows a player's weapon to automatically aim at a target. In most cases, the aiming reticle locks onto a target within the player's line of sight and the player only has to pull the trigger. Aimbots are one of the most popular cheats in multiplayer FPS, used since 1996's Quake . [ 13 ] : 119 Compare to the feature auto-aim .",en,wikipedia_glossary
aiming down sights (ADS),"Also aim down sights . Refers to the common alternate method of firing a gun in a first-person shooter (FPS) game, typically activated by the right mouse button. The real-life analogue is when a person raises a rifle up and places the stock just inside the shoulder area, and leans their head down so they can see in a straight line along the top of the rifle, through both of the iron sights or a scope, if equipped. In most games, this greatly increases accuracy, but can limit vision, situational awareness, mobility, and require a small amount of time to change the weapon position.",en,wikipedia_glossary
alpha release,"An initial, incomplete version of a game. Alpha versions are usually released early in the development process to test a game's most critical functionality and prototype design concepts. Compare with beta release .",en,wikipedia_glossary
always-on DRM,A type of digital rights management (DRM) that typically requires a connection to the Internet while playing the game.,en,wikipedia_glossary
analog stick,"Also control stick and thumbstick . A small variation of a joystick , usually placed on a game controller to allow a player more fluent 2-dimensional input than is possible with a D-pad . [ 14 ]",en,wikipedia_glossary
animatic,A partially animated storyboard with sound effects used during early game development. [ 15 ],en,wikipedia_glossary
animation priority,"A type of gameplay mechanic in which the playable character's animations have priority over the player's input; in other words, if the player begins an action with a long animation, the animation must play out first before the player can then enter a new command, and attempting to enter a new command will have no effect. Games like the Dark Souls and Monster Hunter series are based on gameplay using animation priority. [ 16 ]",en,wikipedia_glossary
Anti-Aim,"A type of cheat commonly found in first-person shooter games that makes it difficult or impossible for the user's hitbox es to be hit. This can be achieved many ways, but the most common ones are rapidly moving the user's hitbox es, flipping hitbox es (usually backwards or sideways), and sending false packets to the server.",en,wikipedia_glossary
anti-RPG,A role-playing video game that subverts the typical elements of such games. [ 17 ] The term was coined by the video game Moon: Remix RPG Adventure . [ 18 ],en,wikipedia_glossary
arcade game,2.  Abbreviation of Age of Empires,en,wikipedia_glossary
area of effect (AoE),See level .,en,wikipedia_glossary
arena mode,See action role-playing game .,en,wikipedia_glossary
arena FPS,"A side game mode, mostly found in some action-adventure games, in which a player-controlled character is placed in a closed area and challenged to defeat enemies using combat abilities.",en,wikipedia_glossary
arena shooter,Arena shooters that use the first-person perspective.,en,wikipedia_glossary
artificial intelligence (AI),Shooting games that are typically based on fast-paced gameplay and in a limited map or level space.,en,wikipedia_glossary
assault mode,"Algorithms used to generate responsive, adaptive or intelligent game behavior, primarily in non-player characters .  Distinct from the computing science concept of 'artificial intelligence'.",en,wikipedia_glossary
asset flipping,A game mode in which one team tries to attack (or capture) specific areas and the other team tries to defend those points.,en,wikipedia_glossary
asymmetric gameplay,"The practice of creating a game using 'free' art and audio assets, either from an online marketplace or the default stock of assets included with many game engines . Asset-flips are often of very poor quality designed to catch onto a currently popular theme to turn a quick profit. It mimics the practice of flipping in real estate markets.",en,wikipedia_glossary
asynchronous gameplay,"Cooperative or competitive multiplayer games in which each player will have a different experience arising from differences in gameplay, controls, or in-game character options that are part of the game. This is in contrast to symmetric gameplay where each player will have the same experience, such as in the game Pong . Asymmetric gameplay often arises in competitive games where one player's character is far overpowered but outnumbered by other players that are all competing against them, such as in Pac-Man Vs. Asymmetric gameplay can also arise in multiplayer online battle arenas (MOBAs) and hero shooters , where each player selects a different hero or character class with different gameplay abilities from others. [ 19 ]",en,wikipedia_glossary
attract mode,"Competitive multiplayer games where the players do not have to be participating at the same time. Such games are usually turn-based, with each player planning a strategy for the upcoming turn, and then having the game resolve all actions of that turn once each player has submitted their strategies.",en,wikipedia_glossary
augmented reality (AR),"An AUG is an abbreviated nickname for a long-scoped Burst Rifle, especially in Fortnite , as well as other shooter games. An AUG is a real gun, and the real inspiration for in-game Burst Rifles.",en,wikipedia_glossary
auto battler,"Supplementing a real-world environment with computer-generated perceptual information with matching alignment to the real world, which may add to or mask the physical environment. Augmented reality alters the perception of a physical environment, whereas virtual reality replaces the physical environment with a simulated one.",en,wikipedia_glossary
auto-aim,"Also known as ""auto chess"", a subgenre of strategy games that feature chess -like elements where players place characters on a grid-shaped battlefield during a preparation phase, who then fight the opposing team's characters without any further direct input from the player. It was created and popularized by Dota Auto Chess in early 2019.",en,wikipedia_glossary
auto-run,"Also aim-assist . A game mechanic built into some games to decrease the level of difficulty by locking onto or near targets for faster aiming. Games utilize ""hard"" or ""soft"" aim settings to respectively either lock directly onto an enemy or assist the player's aim towards the enemy while giving some freedom of precision. Not to be confused with aimbot .",en,wikipedia_glossary
autosave,"A system in video games that causes the player-character to move forward without input from the user. The system is predominantly used in platform games , as well as being a toggleable feature in some open world and MMO games where users may need to travel long distances without the assistance of fast travel systems.",en,wikipedia_glossary
avatar,"A saving function in many video games that saves the current progress without the player's input, often after completing a mission, level, or winning a match. These points are called save points .",en,wikipedia_glossary
B-hopping,"Also bunny hopping . Repeated use of the jump button while moving, which increases the character's momentum in some games. Originally a glitch in Quake engine games, a large portion of games have implemented it as a feature and gamers have taken into doing this.",en,wikipedia_glossary
backfill,Also backfilling . A system of many competitive team-based multiplayer games that automatically finds a new player based on their skill level in an already existing game in case of one player leaving it. Usually only seen in casual modes to keep competitive integrity in ranked games.,en,wikipedia_glossary
badge,"Also achievement . An indicator of accomplishment or skill, showing that the player has performed some particular action within the game.",en,wikipedia_glossary
balance,"Aspects of a multi-player game that keep it fair for all players. This usually refers to balance between characters (or any other choices made before battle) and options (which occur in battle). Balance between choices made before battle usually means that no character is likely to dominate another opponent, while balance between options usually refers to every option having a viable counter, preventing gameplay from degenerating to using a single option with minor variations. The issue of balanced gameplay is a heavily debated matter among most games' player communities.",en,wikipedia_glossary
banner,"What players usually call the gacha mechanic in a game. Depending on the game, it can stick around indefinitely or have a time limit. The latter kind most often increases the probability of getting specific characters or items. [ 22 ]",en,wikipedia_glossary
battle pass,"A type of in-game monetization that provides additional content for a game through a tiered system, rewarding the player with in-game items by playing the game and completing specific challenges.",en,wikipedia_glossary
battle royale game,A video game genre that blends elements of survival games with last-man-standing gameplay. Players search for equipment while eliminating competitors in a shrinking safe zone. Usually there are many more players involved than in other kinds of multi-player games.,en,wikipedia_glossary
best-in-slot,"Any item or ability that can be considered the best possible option in a given slot. This can vary between players and playstyles, but commonly, any specific playstyle is likely to have either a single or a small set of items considered to be the best. This may be due to favorable effects, good match-ups against most opponents, or high stats. Typically abbreviated as BiS.",en,wikipedia_glossary
beta release,"Also beta testing . An early release of a video game, following its alpha release , where the game developer seeks feedback from players and testers to remove bugs prior to the product's commercial release. Games are usually almost finished at the beta stage. [ 23 ] See also closed beta and open beta .",en,wikipedia_glossary
blacklist,"In online games, a list of player information (such as player ID or IP address) that the server checks for when admitting a player. By default, players are allowed to enter, but if they match information on the blacklist, they are barred from entry. The opposite is a whitelist , where the server bars players by default but allows players matching the whitelist. Blacklists and whitelists can be used in tandem, barring even whitelisted players if they try to log in via a blacklisted IP address, for example.",en,wikipedia_glossary
board,See level .,en,wikipedia_glossary
boomer shooter,"A first-person shooter designed to resemble older games in the genre such as Doom and Quake . The name is derived from the baby boomer generation, often shortened to simply boomer , which in turn is used to describe things that are old in general.",en,wikipedia_glossary
booster pack,A random assortment of cards in digital collectible card games that players can buy or earn to add to their deck. See also lootbox .,en,wikipedia_glossary
boosting,"In online multiplayer games that include ranked competitive play, boosting is where a player with a low-ranked level has a more-skilled player use their account to improve the low-ranked character to higher levels, or other improvements and benefits for their account. [ 25 ] [ 26 ]",en,wikipedia_glossary
bonus stage,"A special level in which the player has a chance to earn extra points or power-ups , often in the form of a mini-game . Compare with secret level .",en,wikipedia_glossary
borderless fullscreen windowed,"An option featured in many modern PC games and moddable into others in which a game appears fullscreen but is actually running in a maximized window. Since the game does not take full control of the output device, it confers benefits such as seamless task switching and automatic vertical synchronization .",en,wikipedia_glossary
bottomless pit,"A hazard common in platform and action games, which consists of a deep hole or void with no visible bottom, presumably leading to a fatal drop. The player-character falling into this void typically results in an instant death (and the loss of a life ) for the player, regardless of how much health the character had; although some games may instead take away a percentage of the character's health before respawning them nearby. Bottomless pits can also serve as obstacles that can be overcome by using abilities or finding alternate routes.",en,wikipedia_glossary
Buildcrafting,"2.  A change intended to strengthen a particular item, tactic, ability, or character, ostensibly for balancing purposes. Compare to nerf .",en,wikipedia_glossary
build order,"The ability in games to define the player-characters abilities by selecting appropriate gear, equipment, and accessories to optimize and maximize the character's performance in the game. The end results, known as builds, then are frequently shared to other players through various means.",en,wikipedia_glossary
bullet hell,"Also build-order . An optimal sequence of player actions in a building-based strategy game, dictating what option should be constructed in what order.",en,wikipedia_glossary
bullet sponge,A type of shoot 'em up where the player must generally dodge an overwhelmingly large number of enemies and their projectiles.,en,wikipedia_glossary
bullshot,"Any enemy that appears to require more firepower than would be considered realistic or reasonable to defeat. This is an allusion to how the enemy can absorb bullets much like a sponge absorbs liquids. For example, an enemy soldier in a first-person shooter that requires several full magazines of ammunition to defeat, in comparison to other soldier types that are defeated in a handful of shots, would be a bullet sponge.",en,wikipedia_glossary
button mashing,"A portmanteau of bullshit and screenshot , referring to the misrepresentation of a final product's technical or artistic quality by artificially enhancing promotional images or video footage. [ 27 ]",en,wikipedia_glossary
breach,"1.  The pressing of different button combinations in rapid succession to perform or attempt to perform special moves, typically with little rhyme or reason. This technique is most often encountered in fighting games , especially among weaker players. [ 28 ]",en,wikipedia_glossary
campaign mode,"Also story mode and campaign . A series of game levels intended to tell a linear story; some campaigns feature multiple 'paths', with the player's actions deciding which path the story will follow and affecting which choices are available to the player at a later point.",en,wikipedia_glossary
camping,"1.  Where a player stays in one place – typically a fortified high-traffic location – for an extended period of time and waits to ambush other players. Many players consider camping a form of cheating or, at best, griefing. [ 29 ] It is most common in first-person shooter games, [ 30 ] but is also frequent in fighting games with projectile-heavy characters.",en,wikipedia_glossary
capture the flag (CTF),"2.  The act of waiting around a rare mob or player's spawn point , usually in MMOs . This may be known as spawn-camping or spawn-trapping.",en,wikipedia_glossary
carry,"A common game mode in multiplayer video games, where the goal is to capture and retrieve a flag from the opposing side's territory while defending the flag in one's own territory.",en,wikipedia_glossary
cartridge tilting,"In team-based video games, when a player disproportionately contributes to the success of their team. For example, Team A's sole remaining player defeating the rest of Team B, thus saving Team A from a close defeat, would be considered carrying, as would one player on Team A having the most kills among the rest of their team. The term is usually but not always interpreted as indirect slander towards the rest of the team, though the term may also be used generally. Carrying may also be a method experienced players use to win rounds when the rest of their team are less experienced or less efficient at completing tasks; this may entail taking on enemy combatants alone, or using teammates as a distraction while completing objectives for the round.",en,wikipedia_glossary
casual gaming,"Deliberately inducing glitches and other strange behaviour in cartridge-based games by tilting the cartridge slightly in its slot in the console, enough for the connection to be altered but not completely severed. Cartridge tilting creates similar effects to using a corruptor , and may include such glitches as character models becoming distorted, extremely loud noises and in particularly severe cases, both the game and the console itself may crash.",en,wikipedia_glossary
challenge mode,"Playing video games on an infrequent and spontaneous basis without a long-term commitment. Casual video games are distinguished by a low learning curve and ease of access, often web-based for mobile phones or personal computers. Most casual games have simplified controls, with one or two buttons dominating play. Casual games can normally be played in small periods of time, and may not have a save feature. [ 31 ]",en,wikipedia_glossary
character,"A game mode offered beyond the game's normal play mode that tasks the player(s) to replay parts of the game or special levels under specific conditions that are not normally present or required in the main game, such as finishing a level within a specific time, or using only one type of weapon. If a game doesn't feature a 'challenge mode', players will often create self-imposed challenges by forbidding or restricting the use of certain game mechanics.",en,wikipedia_glossary
character class,See player-character and non-player character,en,wikipedia_glossary
character creator,"A job or profession that comes with a set of abilities as well as positive and negative attributes. [ 32 ] Most common in role-playing games , a character's class helps to define their playstyle as well as the role the character plays in a team based game. Often as players gain experience with a class they learn new abilities related to their chosen profession and some games allow players to change their character's class or become proficient in multiple classes. Some examples of archetypal character classes include warrior (strength and defense), thief (speed and stealth), wizard (magic and intelligence), and priest or healer (healing and buffing allies). [ 33 ] [ 34 ] A popular example of a class-changing system is the Job System in the Final Fantasy series.",en,wikipedia_glossary
character select screen,"An ingame method to customize a character to the player's preferred appearance and abilities before starting the game, most commonly used in role-playing games.",en,wikipedia_glossary
charge shot,"A concept in games with multiple characters, a screen with names or pictures of all playable (and secret ) characters with the possibility of stat listings.",en,wikipedia_glossary
cheat,"A shot that can be charged up so that a stronger attack can be dealt, but requiring more time. Usually performed by holding the shot button.",en,wikipedia_glossary
cheating,"A game code that allows the player to beat the game or acquire benefits without earning them. Cheats are used by designers to test the game during development and are often left in the release version. [ 15 ] See god mode , aimbot , ESP cheats , noclip mode , wallhack , and Konami Code .",en,wikipedia_glossary
checkpoint,To play the game unfairly; giving an unfair advantage via illegitimate means.,en,wikipedia_glossary
cheese (or cheesing),"An area in a level from which the player will start the level from next time they die, rather than having to start the level over. Checkpoints typically remain in place until the player completes the level or gets a Game Over .",en,wikipedia_glossary
cheevo,"Cheese(ing) refers to a tactic in a video game that may be considered cheap, unfair, or overly easy, requiring no skill by others as to otherwise complete a difficult task. What may account as cheese depends on the type of game. Its origin traces back to players of Street Fighter II who would frequently use the same combo move over and over against to defeat their opponent. In multiplayer games like MOBAs or hero shooters , certain team compositions of heroes are considered cheese compositions for how easily they can defeat most other team compositions. In other games, cheese can refer to exploiting glitches and other bugs to make difficult gameplay sections easy. [ 35 ]",en,wikipedia_glossary
chiptune,See achievement .,en,wikipedia_glossary
choke,"Music composed for the microchip-based audio hardware of early home computers and gaming consoles. Due to the technical limitations of earlier video game hardware, chiptune came to define a style of its own, known for its ""soaring flutelike melodies, buzzing square wave bass, rapid arpeggios, and noisy gated percussion"". [ 36 ]",en,wikipedia_glossary
cinematic,1.  When a player/team that is currently winning or expected to win a match performs unexpectedly poorly. [ 24 ],en,wikipedia_glossary
circle strafing,2.  A feature of a playable map that funnels players and might restrict mechanics like movement (chokepoint).,en,wikipedia_glossary
clapped,See cutscene .,en,wikipedia_glossary
clicker game,"Slang term for murdered, particularly in a 'clean' or belittling way, such as by a trickshot or a knife kill.",en,wikipedia_glossary
clipping,Also guild An organized group of players who regularly play multiplayer video games.,en,wikipedia_glossary
clock/clocked,A type of game where clicking (or tapping) the screen repeatedly is the only gameplay mechanic. See also idle game .,en,wikipedia_glossary
clone,"1.  Programming used to ensure that the player stays within the physical boundaries of the game world . [ 13 ] : 119 Also see noclip , a cheat where clipping is disabled.",en,wikipedia_glossary
closed beta,"2.  A 3D graphics process which determines if an object is visible and ""clips"" any obscured parts before drawing it. See also clipping (computer graphics) .",en,wikipedia_glossary
cloud gaming,"To achieve a score so high it resets the in-game score counter back to 0, often used in older arcade games. More commonly used nowadays to express the (absolute) 100% completion of a game. Also see rolling the score .",en,wikipedia_glossary
cloud save,"A game that is similar in design to another game in its genre (e.g., a Doom clone or a Grand Theft Auto clone ). Sometimes used in a derogatory fashion to refer to an inferior 'ripoff' of a more successful title.",en,wikipedia_glossary
clutch,A beta testing period where only specific people have access to the game.,en,wikipedia_glossary
coin-op,"The player's saved game is stored at a remote server. This may provide a backup, or enable access from a different game system. See also cross-save .",en,wikipedia_glossary
collectible,"Also clutching the game and coming in clutch . Being able to perform exceptionally well in a high-stakes situation, or have certain events occur at the right time in a very important or critical moment, in particular in a way that changes the outcome of the game; scoring a victory for your team when it was on the verge of defeat. [ 37 ]",en,wikipedia_glossary
collision detection,See also construction and management simulation .,en,wikipedia_glossary
combo,See also arcade game .,en,wikipedia_glossary
competitive gaming,"An item that can be collected by a player, which may or may not confer a positive benefit, such as increasing their character's maximum health .  Typically found in games with a campaign mode , collectibles may increase such game's replay value by placing collectibles in areas that are hidden or can only be accessed with special abilities, encouraging the player to inquisitively comb through and revisit level s to find them all, as part of 100% completion.",en,wikipedia_glossary
completionist,The computational task of detecting the intersection of two or more game objects.,en,wikipedia_glossary
compulsion loop,"A series of attacks strung together in quick succession, typically while an opponent is in their ""getting hit"" animation from the previous attack and is helpless to defend themselves. Combos are a staple of fighting games , introduced in beat-'em-ups such as Renegade and Double Dragon , and becoming more dynamic in Final Fight and Street Fighter II . [ 38 ]",en,wikipedia_glossary
console,See electronic sports .,en,wikipedia_glossary
console generations,A particular kind of video game player who focuses on achieving 100% completion in the games they play.,en,wikipedia_glossary
console wars,"A cycle of gameplay elements designed to keep the player invested in the game, typically through a feedback system involving in-game rewards that open up more gameplay opportunities.",en,wikipedia_glossary
construction and management simulation (CMS),"A video game hardware unit that typically connects to a video screen and controllers, along with other hardware. Unlike personal computers, a console typically has a fixed hardware configuration defined by its manufacturer and cannot be customized. Sometimes includes handheld consoles , to differentiate them from computers, arcade machines, and cell phones.",en,wikipedia_glossary
content rating,"See also: Home video game console generations A set of video game consoles in direct competition for market share in a given era. The set, as a generation, is obsoleted at the introduction of the ""next generation"" or ""next gen"". [ 39 ] [ 40 ]",en,wikipedia_glossary
continue,"Main article: Console war Refers to competition for video game console market dominance and, in specific, to the rivalry between Sega and Nintendo throughout most of the 1980s and 1990s. The analogy also extends to competition in later console generations , particularly the PlayStation and Xbox brands. [ 41 ]",en,wikipedia_glossary
control pad,"A video game genre that involves planning and managing a population of citizens in towns, cities, or other population centers. In such games, the player rarely has direct control of the computer-controlled citizens and can only influence them through planning.",en,wikipedia_glossary
control point (CP),"Classifying video games according to suitability-related factors such as violent or sexual content contained within a game. Some countries use industry self-regulation models to accomplish this, while others have government rating boards. Certain content ratings result in products being legally or de facto banned from sale, such as the AO (adults only) rating in the United States. While legal, such titles are not stocked by retailers and will not be certified for release by major console makers such as Sony and Microsoft.",en,wikipedia_glossary
controller,See D-pad .,en,wikipedia_glossary
conversation tree,"A game mode which involves the team capturing each required ""capture point"" in order to win the round or level.",en,wikipedia_glossary
conversion kit,See analog stick .,en,wikipedia_glossary
cooldown,"A means of control over the console or computer on which the game is played. Specialized game controllers include the joystick , light gun , paddle , and trackball .",en,wikipedia_glossary
co-op,See dialog tree .,en,wikipedia_glossary
cooperative gameplay (co-op),"Special equipment that can be installed into an arcade machine that changes the current game it plays into another one.  For example, a conversion kit can be used to reconfigure an arcade machine designed to play one game so that it would play its sequel or update instead, such as from Star Wars to The Empire Strikes Back , or from Street Fighter II: Champion Edition to Street Fighter II Turbo .",en,wikipedia_glossary
corruptor,The minimum length of time that the player needs to wait after using an ability before they can use it again.  This is commonly done for game balance so less powerful abilities remain relevant. [ 45 ],en,wikipedia_glossary
couch co-op,See cooperative gameplay .,en,wikipedia_glossary
cover system,Multiplayer gameplay where the players work together on the same team against computer-controlled opponents or challenges. [ 15 ],en,wikipedia_glossary
CPU versus CPU,"A game mechanic which allows the player to use walls or other features of the game's environment to take cover from oncoming ranged attacks, such as gunfire in first-person shooters . Many cover systems also allow the character to use ranged attacks in return while in cover although with an accuracy penalty. [ 46 ]",en,wikipedia_glossary
cracked,"A game mechanic that grants players the ability to jump for a brief period of time (typically just a few frames or fractions of a second) after leaving solid ground. Used predominantly in platform game s, the mechanic is designed to give players the impression of having jumped at the last possible moment, and as a method of forgiving players that would have otherwise missed the jump. The mechanic derives its name from the Looney Tunes character Wile E. Coyote who, upon leaving solid ground (e.g. by running off a cliff), briefly hangs in mid-air before plummeting to the earth below. [ 47 ] [ 48 ]",en,wikipedia_glossary
crafting,1. Central processing unit ; the part of the computer or video game which executes the games' program.,en,wikipedia_glossary
cranking 90s,2.  A personal computer.,en,wikipedia_glossary
credit-feeding,"3.  A non-player character controlled by the game software using artificial intelligence , usually serving as an opponent to the player or players.",en,wikipedia_glossary
critical hit,See zero-player game .,en,wikipedia_glossary
cross-buy,1.  Software that has had its anti- piracy protections removed prior to being illegally distributed. See: Software cracking,en,wikipedia_glossary
cross-generation,2.  Being extremely good at something.,en,wikipedia_glossary
cross-platform,"A game mechanic that allows the player-character to construct game items, such as armor, weapons or medicine from combinations of other items.  Most MMOGs feature a crafting system.",en,wikipedia_glossary
cross-platform play,"Commonly used in Fortnite , cranking 90s refers of a way to build in the game. ""90s"" refers to the 90-degree turn one must make when they make a 90, [ 49 ] and ""cranking"" refers to how one must perform this repeatedly. ""Cranking"" 90s usually results in a tower being created.",en,wikipedia_glossary
cross-progression,"To complete an arcade game by using as many continues as possible. Prevalent in action games or shooters where the player is revived at the exact moment their character died during their previous credit. Some home conversions (such as AES versions of Neo Geo games) tend to limit the number of credits each player is allowed to use in a playthrough as a way of preserving the challenge, while other conversions (such as the ports in the Namco Museum series) impose no such limits in order to reproduce the original version as faithfully as possible. Compare with 1CC .",en,wikipedia_glossary
cross-save,"Also crit . A type of strike that does more damage than usual. Normally a rare occurrence, this may indicate a special attack or a hit on the target's weak point.",en,wikipedia_glossary
Crowd control,Ownership of a game on multiple platforms granted through a single purchase.,en,wikipedia_glossary
crunch,See multiplatform .,en,wikipedia_glossary
cut-in,"Similar to cross-save, when multi-platform games may share the player's current account details, including earned and purchased items, via a server.",en,wikipedia_glossary
cutscene,Multi-platform games may share the player's current state via a server.,en,wikipedia_glossary
cybersport,A technique used primarily in massively multiplayer online games to limit or control how many enemies are hostile to the players so they can be picked off more easily. [ 50 ] Also see aggro .,en,wikipedia_glossary
D-pad,"Also control pad and directional pad . A 4-directional rocker button that allows the player to direct game action in eight different directions: up, down, left, right, and their diagonals. Invented by Gunpei Yokoi for the Game & Watch series of handheld consoles, Nintendo used the ""directional pad"" (or ""cross-key"" in Japan) for their Nintendo Entertainment System controller and it has been used on nearly every console controller since. [ 14 ]",en,wikipedia_glossary
damage over time (DoT),"An effect, such as poison or catching on fire, that reduces a player's health over the course of time or turns.",en,wikipedia_glossary
damage per minute (DPM),Used as a metric in some games to allow the player to determine their offensive power.,en,wikipedia_glossary
damage per second (DPS),"1.  Used as a metric in some games to allow the player to determine their offensive power, particularly in games where the player's attacks are performed automatically when a target is in range.",en,wikipedia_glossary
day one,"2.  A character archetype in team or party-based games, specifically a character or class that is designed purely to deal as much damage as possible to enemies, as opposed to a tank or healer, who have other primary duties. Specific characters or classes may be considered ""sub-types"" of DPS, such as a ""magic-DPS"" as opposed to a ""melee-DPS"".",en,wikipedia_glossary
day zero,"Also day zero . The day of release for a video game; often accompanied by a 'day-one patch' to repair issues that could not be addressed in time for the game's distribution, or 'day-one DLC', where the developer offers content for a price. 'Day-one DLC' is often associated with on-disc DLC , where the content is already a part of the game's data, but the player must pay to access it.",en,wikipedia_glossary
dead zone,"Also day one . Before the day of release for a video game; often accompanied by a 'day-zero dlc' to allow early play time that users paid for the game before launch, or maybe extra cosmetics. or the purchaser gets things like the 'day-one DLC' on launch day, or some in game currency , where the developer offers content bundled in for buying the game ""pre-launch"". the 'Day-one DLC' is often associated with on-disc DLC , where the content is already a part of the game's data, but the player must pay to access it.",en,wikipedia_glossary
deathmatch,1.  A region of the screen in video games in which the camera is controlled via free look where the mouse cursor can be positioned to lock the camera in place. Can be adjusted in some games. [ citation needed ],en,wikipedia_glossary
Debug mode,"2.  A deadzone setting for the analog stick that lets players configure how sensitive they want their analog sticks to be, popular in console FPS games, and in racing games where it appears as Steering Deadzone .",en,wikipedia_glossary
Degrees of freedom,Also free-for-all A game mode in many shooter and real-time strategy games in which the objective is to kill as many other characters as possible until a time limit or kill limit is reached. Compare to last man standing .,en,wikipedia_glossary
destructible environment,"1.  The opposite of a buff, an effect placed on a character that negatively impacts their statistics and characteristics. Compare with nerf .",en,wikipedia_glossary
developer,2.  Effects that nullify or cancel the effects of buffs.,en,wikipedia_glossary
development hell,A type of video game remake for (or emulating the style of) older generation hardware.,en,wikipedia_glossary
devolution,A game level in which walls and other surfaces can be damaged and destroyed. [ 15 ],en,wikipedia_glossary
dialog tree,The production company which makes a video game. [ 15 ],en,wikipedia_glossary
difficulty,"An unofficial, indefinite ""waiting period"" during which a project is effectively stalled and unable to proceed. Projects that enter development hell are often delayed by several years, but are not usually considered to be formally cancelled by the publisher.",en,wikipedia_glossary
digital rights management (DRM),"The act of running games and applications from storage media not originally supported for this use. For example, external hard disk drives or USB flash drives can be used on consoles that only officially support running games and applications from CD or DVD disks. Usually can only be done in modded game consoles.",en,wikipedia_glossary
directional pad,"Also conversation tree . Found primarily in adventure games, a means of providing a menu of dialog choices to the player when interacting with a non-player character so as to learn more from that character, influence the character's actions, and otherwise progress the game's story. The tree nature comes from typically having multiple branching levels of questions and replies that can be explored.",en,wikipedia_glossary
display mode,"The level of difficulty that a player wishes to face while playing a game. At higher difficulty levels, the player usually faces stronger NPCs, limited resources, or tighter time-limits.",en,wikipedia_glossary
dolphin,See D-pad .,en,wikipedia_glossary
Doom clone,See attract mode .,en,wikipedia_glossary
double jump,See downloadable content .,en,wikipedia_glossary
down-but-not-out (DBNO),"In free-to-play games, a user who occasionally spends real-world money on in-game items or spends a modest amount, but not enough to be considered a whale .",en,wikipedia_glossary
downloadable content (DLC),"An early term for first-person shooters , based on gameplay that mimicked that from Doom .",en,wikipedia_glossary
draft,Additional content for a video game that is acquired through a digital delivery system.,en,wikipedia_glossary
dragon kill points (DKP),See damage per minute .,en,wikipedia_glossary
drift,See damage per second .,en,wikipedia_glossary
drop rate,A semi-formal score-keeping system used by guild s in massively multiplayer online games that is redeemed after killing bosses or completing other challenges.,en,wikipedia_glossary
"drop-in, drop-out","Also stick drift . A typical malfunction that affects the analog stick (s) of a gamepad , in which its neutral position is set somewhere on its fringe, instead of the central position that it default maintains when the analog stick is unmoved. This can cause undesired gameplay effects, such as causing a character to constantly move or the game camera to constantly be locked to one skewed angle while the analog stick(s) is/are unmoved, depending on which stick is affected or the game's controls.",en,wikipedia_glossary
Dummied out,See digital rights management .,en,wikipedia_glossary
dungeon,"The probability of obtaining a particular item from a loot box or booster pack in certain video games, particularly in games with microtransactions .",en,wikipedia_glossary
dungeon crawl,"A type of competitive or cooperative multiplayer game that enables a player to join the game at any time without waiting and leave without any penalty, and without affecting the game for other players.",en,wikipedia_glossary
duping,"Refers to content that existed in a game during development and is in the code, but is not actually present in typical gameplay. Lots of aspects in a game can be this, such as cutscenes, weapons, characters (playable or not), items, missions or levels. There are many reasons why content may be subject to this, like if it was too buggy, if it was too unbalanced, if it was never intended to be released (like a weapon that's overpowered on purpose so the developers can get through the story easily), copyright issues (such as if a license to use a copyrighted character expired), if programming it couldn't be finished in time (such as to meet a release date), or any other reason.",en,wikipedia_glossary
dynamic game difficulty balancing,"See also level In an open world game such as an RPG , an enclosed area filled with hostile NPCs where the player is likely to come under attack. In this sense, it can be used to refer to literal "" dungeons "" or include any number of other places, such as caves, ships, forests, sewers or buildings. Dungeons may be maze-like or contain puzzles that the player must solve and often hide valuable items within to encourage player exploration.",en,wikipedia_glossary
dynamic music,"A genre of video game that is based on exploring dungeons or similar setting, defeating monsters and collecting loot.",en,wikipedia_glossary
early access,"Also software testing and Software release life cycle . A development model where players are able to purchase and play a game as it currently stands, be it early in development or close to a full release. On the developer's end, early access allows them to gather player feedback and further the game's development with the money made from these sales. See also open beta.",en,wikipedia_glossary
Elo hell,"The phenomenon of being stuck at a lower rank than is reflective of the player's true skill level in competitive video games that utilize the Elo rating system which may occur for various reasons, usually due to unbalanced matchmaking (where the player may happen to have teammate/s of inferior skill).
Quite often, Elo hell is not real, and used as a scapegoat when gamers don't want to admit their flaws, or cannot find them. The term is quite frequent in games like Counter-Strike 2 , where low-ranking players with high mechanical skill claim that they 'aught to be Global Elite' (the highest rank in the game), but fail to prepare for fights, manage their in-game money, or communicate strategies to their teammates.",en,wikipedia_glossary
emergent gameplay,"Gameplay that develops as a result of player creativity, rather than the game's programmed structure. [ 15 ] EVE Online is well-known for its emergent gameplay, which allows player-formed alliances to fight extended 'wars' over valuable territory and resources, or simply become 'space pirates' and prey on other player-operated vessels.",en,wikipedia_glossary
emulator,"A software program that is designed to replicate the software and hardware of a video game console on more modern computers and other devices. Emulators typically include the ability to load software images of cartridges and other similar hardware-based game distribution methods from the earlier hardware generations, in addition to more-traditional software images.",en,wikipedia_glossary
end game,"The gameplay of a given title at the climax of its storyline or campaign, and is followed by the postgame .",en,wikipedia_glossary
end game loop,The gameplay available in a massively multiplayer online game for characters that have completed all of the currently-available content. Repeatable content after the climax of the storyline or campaign.,en,wikipedia_glossary
endless mode,"A game mode in which players are challenged to last as long as possible against a continuing threat with limited resources or player-character lives, with their performance ranked on how long they survive before succumbing to the threat (such as the death of the player-character) or on score. This mode is typically offered in games that otherwise have normal endings that can be reached, providing an additional challenge to the players once the main game is completed.",en,wikipedia_glossary
endless runner,Also infinite runner . A subgenre of platform game in which the player character runs for an infinite amount of time while avoiding obstacles. The player's objective is to reach a high score by surviving for as long as possible. [ 57 ],en,wikipedia_glossary
enemy,A non-player character that tries to harm the player.,en,wikipedia_glossary
energy,1.  A game mechanic using a character resource-pool which governs how often the character is allowed to use a special ability.,en,wikipedia_glossary
engine,"2.  How often a player is allowed to play a particular free-to-play game; energy can be replenished instantly with an in-app purchase , or replenished slowly by waiting and not playing the game.",en,wikipedia_glossary
environmental storytelling,3.  (Usually in futuristic games) The player's health .,en,wikipedia_glossary
ESP cheats (extra-sensory perception cheats),See game engine .,en,wikipedia_glossary
esports,"Story that is conveyed via the physical design or set dressing of a game's world, rather than cutscenes or dialogue. [ 58 ]",en,wikipedia_glossary
"experience point (XP, EXP)","A package of multiple cheats . e.g., ""distance ESP"" shows the distance between the enemy and the player, ""player ESP"" makes enemies highly visible, and ""weapon ESP"" shows enemy weapons. [ 13 ] : 120",en,wikipedia_glossary
expansion pack (Add-on),"Also electronic sports , e-sports , eSports , competitive gaming , cybersports and professional gaming . Organized competitions around competitive video games, often played for prize money and recognition.",en,wikipedia_glossary
face button,A usually circular button on the right side of a traditional gamepad that is pressed very frequently in normal gameplay.  Modern gamepads usually have four arranged in a diamond formation.,en,wikipedia_glossary
fangame,"A video game made by fans, based on one or more established video games. Retrogamers may clone early video games to take advantage of more advanced hardware and game engines .",en,wikipedia_glossary
farming,"Repeating a battle, quest, or other part of a game in order to receive more or duplicates of specific reward items that can be gained through that battle or quest, such as experience point s, game money, or specific reward items. Gold farming is a type of farming done for in-game currency. See grinding .",en,wikipedia_glossary
fast travel,"Common in role-playing games, a means by which to have the player-character(s) teleport between already-discovered portions of the game's world without having to actually interactively move that distance. [ 60 ]",en,wikipedia_glossary
fear of missing out (FOMO),"A term used around ongoing games with rotating content, the ""fear of missing out"" is an expression related to the psychological and social anxiety effect for players concerned about missing the opportunity to obtain limited-time items while they are available and thus devote more time and resources into the game as to obtain those items. This can include additional expenditures for microtransactions for free-to-play or freemium games. [ 61 ]",en,wikipedia_glossary
field of view (FOV),"Also field of vision . A measurement reflecting how much of the game world is visible in a first-person perspective on the display screen, typically represented as an angle. May also refer to the general amount of the game world that is visible on the screen, typically in games where being able to see a lot at once is important, such as strategy games and platformers .",en,wikipedia_glossary
first-party developer,"A developer that is either owned directly by a console maker or has special arrangements with the console maker; such developers have greater access to internal details about a console compared to traditional developers. A developer that isn't owned by a console maker but have special arrangements with them may be referred to as a second-party developer , instead. Games developed by a first-party developer are often referred to as 'first-party games.'",en,wikipedia_glossary
first-person,A graphical perspective rendered from the viewpoint of the player-character .,en,wikipedia_glossary
first-person shooter (FPS),"A genre of video game where the player experiences the game from the first-person perspective , where the primary mechanic is the use of guns and other ranged weapons to defeat enemies.",en,wikipedia_glossary
flashing invulnerability,"Also invincibility frames , invulnerability period , mercy invincibility . An invincibility or immunity to damage that occurs after the player takes damage for a short time, indicated by the player-character blinking or buffering. [ citation needed ]",en,wikipedia_glossary
flip-screen,"A game environment divided into single-screen portions, similar to individual tiles in a maze. Players see only one such screen at a time, and they transfer between screens by moving the player-character to the current screen's edge. The picture then abruptly ""flips"" to the next screen, hence the technique's name. [ 62 ] [ 63 ] UK magazines also refer to this as flick-screen . [ 64 ]",en,wikipedia_glossary
fog of war,"The player cannot see enemy activity beneath the greyed-out fog of war. Common in strategy games, a 'fog' covers unobservable areas of the map and hides any enemy units in that area.",en,wikipedia_glossary
foozle,The final boss in a game.,en,wikipedia_glossary
frame rate,To kill or achieve a kill in a game against a player or non-player opponent. [ 66 ] See also gibs .,en,wikipedia_glossary
frame-perfect,"A measure of the rendering speed of a video game's graphics, typically in frames per second (FPS).",en,wikipedia_glossary
free look,An action that must be performed within a single frame for perfect execution.,en,wikipedia_glossary
freemium,"1.  To be able to look around the map freely, usually limited by typical mechanics of the game such as the boundaries of the game world . This is usually an ability that is disabled to common users, but left in the game coding as a developer's tool and is unlockable if the proper code is known. May also be allowed by a non-player in a multiplayer game to allow seeing every player's progress, especially in e-sports . Typically eliminates fog of war in relevant games.",en,wikipedia_glossary
free-to-play (F2P or FtP),"2.  Also called mouselook , a method of control where the player uses the computer mouse to indicate the direction they desire the player-character to look.",en,wikipedia_glossary
friendslop,"A pricing strategy by which a product or service (typically a digital offering or an application such as software, media, games or web services) is provided free of charge, but money (premium) is charged for additional features, services, or virtual (online) or physical (offline) goods.",en,wikipedia_glossary
full combo (FC),"Games that do not require purchase from a retailer, either physical or digital, to play. Highly prevalent on smartphones, free-to-play games may also provide additional gameplay-enhancing purchases via an in-app purchase . Games that require in-app purchases in order to remain competitive, or gamers who engage in said purchases, are known as pay to win (P2W). Compared to the P2W players , F2P players are often looked down upon. (Compare ' freemium ', a free-to-play game that follows such a model.)",en,wikipedia_glossary
gacha game,"A genre of video game that implements the gacha [ broken anchor ] (toy vending machine) mechanic. Similar to loot boxes , gacha games induce players to spend in-game currency to receive random in-game items or characters. The gacha mechanic is considered integral to the gameplay or player progression of gacha games, whereas loot boxes would not change the gameplay of the games they're attached to in a significant way if they were removed or replaced with a different reward system.",en,wikipedia_glossary
gambling,"Playing games of chance for real money or in-game currency. In video games, loot boxes are commonly associated with gambling. [ 69 ] [ 70 ]",en,wikipedia_glossary
game design,The use of design and aesthetics to create a game. Compare with video game design .,en,wikipedia_glossary
game engine,"The codebase on which a game runs. There are different subsets of engines, such as specialized ones for physics and graphics. [ 15 ] Often the game engine is only middleware which game specific behaviours are built upon, though end-users do not tend to make this distinction.",en,wikipedia_glossary
game jam,"An event where participants try to develop a game from scratch in a very short amount of time, often with a theme determined by the organiser of the jam. [ 71 ]",en,wikipedia_glossary
Game launcher,"An application program for personal computers use to launch one or more games, rather than launching the game directly. Launchers typically include additional services from the software developer to provide middleware such as friends and matchmaking services, content updating, digital-rights management, and cloud saving. A game launcher may also provide features of a digital storefront to purchase and download games. Launchers include those designed by publishers specifically for their games, such as Battle.net or Ubisoft Connect , or may be a general platform to support first- and third-party games like Steam and the Epic Games Store .",en,wikipedia_glossary
game localization,See localization .,en,wikipedia_glossary
game mechanics,"Also gameplay mechanics . An overarching term that describes how a particular game functions and what is possible within the game's environment; the rules of the game. Typical game mechanics include points , turns or lives. An unanticipated and novel use of game mechanics may lead to emergent gameplay .",en,wikipedia_glossary
game mode,"Also gameplay mode . A distinct configuration that varies game mechanics and affects gameplay , such as a single-player mode vs a multiplayer mode, campaign mode , endless mode , or god mode .",en,wikipedia_glossary
game over,1.  The end of the game.,en,wikipedia_glossary
game port,2.  The losing screen shown when a loss condition is met.,en,wikipedia_glossary
Games as a Product,"When a game is ported from one platform to another. Cross-platform ports are often criticized for their quality, particularly if platform-specific design elements (such as input methods) are not updated for the target platform.",en,wikipedia_glossary
Games as a Service (GaaS),"Also Buy-to-play . A type of business model where games are bought and sold once as a finished product that receives few to no further content updates, as opposed to games as a service where games receive content updates in the long-term on a continuing revenue model.",en,wikipedia_glossary
game save,"Also Live Service Games . A type of business model where games receive content updates in the long-term on a continuing revenue model, as opposed to games as a product , where a game is bought and sold once as a finished product that receives few to no further content updates.",en,wikipedia_glossary
Game sense,See saved game .,en,wikipedia_glossary
game studies,"Situational and environmental awareness in a game, and the decision-making based on this awareness. [ 72 ] [ 73 ]",en,wikipedia_glossary
game world,"A field of social sciences that attempts to quantify or predict human behavior in various game-based scenarios, often where there is a reward or risk in taking certain actions.",en,wikipedia_glossary
gameplay,"The location in which a game's action takes place. May refer specifically to the game's environmental components, i.e., its constituent room s, level s, world s, and overworld , [ 74 ] or more broadly also encompass the game's mechanics and setting . [ 75 ]",en,wikipedia_glossary
gamer rage,"A player's interaction with a video game, defined through game rules, player-game interface, challenges, plot, and the player's connection with the game.",en,wikipedia_glossary
gamethrowing,See rage quit .,en,wikipedia_glossary
gating,"To use the element of surprise to flank and attack an enemy. More common in multiplayer games, where 'ganking' usually indicates an unwelcome attack on an unwilling or unsuspecting participant. [ 76 ]",en,wikipedia_glossary
ghost,"Abbreviation meaning ""good game"". Used as parting words exchanged at the end of a competitive game or match as a gesture of good sportsmanship. ""GGWP"" (good game, well played) is also used. ""GF"", a similar term to GG is also used it means ""Good Fight"". Due to this abbreviation being synonymous with a game's end, it is often used by spectators to indicate a situation, action or a move where a win of a particular player is obvious (e.g. ""This attack just wiped all the blue player's forces, that's a GG""). It can also be used to taunt players while a game is still in progress as an implication that their win is assured. Insulting variations, such as ""GGEZ"" (good game, easy) can similarly be used to imply the opposing player is unskilled.",en,wikipedia_glossary
Git gud,"1.  A character, character class, or character ability that is sufficiently underpowered to making using the gimp a severe handicap in the context of the game.",en,wikipedia_glossary
glass cannon,2.  A design choice that has this effect.,en,wikipedia_glossary
god mode,"Abbreviation meaning ""good luck, have fun"". Used as words exchanged at the beginning of a competitive game or match as a gesture of good sportsmanship. [ 80 ]",en,wikipedia_glossary
god roll,Also goated . Acronym for Greatest Of All Time .,en,wikipedia_glossary
gold farming,"Acronym for Game Of The Year , a game award given out annually by events and media publications to the games that they consider the best of that particular year. Game of the Year-awards are often divided in subcategories and an overall winner.",en,wikipedia_glossary
gold sink,"Also: infinite health , infinite life , invincibility , invulnerability A cheat that makes player-characters invulnerable. [ 13 ] : 119 Occasionally adds invincibility, where the player can hurt enemies by touching them (e.g., the Super Mario Super Star ). [ 81 ] : 357 The effect may be temporary. [ 82 ] See flashing invulnerability .",en,wikipedia_glossary
gone gold,"In games that generate randomized loot, the ""god roll"" is loot that has the subjectively best selection of possible random attributes such as perks and bonuses that could be generated for that particular piece of equipment.",en,wikipedia_glossary
graphic content filter,See farming .,en,wikipedia_glossary
griefer,"In-game activities that receive currency (gold) from players; in online multiplayer games, this functionally reduces the overall money supply [ 83 ]",en,wikipedia_glossary
grinding,"The point in the software-development cycle where the software is considered final and ready to be shipped. The term traditionally related to the production of games on CD-ROM, where the final version of the game, the master copy, would be written to a gold film-based writable CD and sent to be replicated for retail.",en,wikipedia_glossary
guild,A setting that controls whether the game displays graphic violence . [ 84 ],en,wikipedia_glossary
Hack vs Hack,Hack vs Hack (HvH) refers to using cheats to compete against other players using cheats.,en,wikipedia_glossary
handheld console,A portable gaming console ; i.e. one that is not connected to a TV or other peripheral device.  Nintendo's Game Boy is the most-recognizable example.,en,wikipedia_glossary
head bob,"In first-person view games, the up-and-down (and sometimes left-and-right) motion of the player's camera to simulate the bobbing of the player-character's head when walking or running. It is often an option that can be disabled as it may induce motion sickness in players.",en,wikipedia_glossary
headshot,"An attack that strikes the head of its target, causing extra (often fatal) damage. See critical hit .",en,wikipedia_glossary
head swap,"An animation technique in which a new head is put on an existing character model, to save memory or animation effort.",en,wikipedia_glossary
heal over time (HoT),An effect that restores health over a period of time; antonym of DoT .,en,wikipedia_glossary
health,"Also hit points (HP). An attribute showing how much damage a character can sustain before being incapacitated. Getting hurt lowers this meter and if it reaches zero that character can no longer continue. Depending on the game this can mean many different things (i.e. death, serious injury, knockout, or exhaustion).",en,wikipedia_glossary
heat map,"In video games, an overhead representation of a game level showing, through background game data collection, a statistic such as where player characters died or which route players took the most. Brighter spots or highly concentrated areas show where these events occurred the most. Such maps may be used by developers to help refine map design.",en,wikipedia_glossary
hero ban,"In multi-player game genres that feature unique hero characters, like MOBAs and hero shooters, a mechanism that bans the selection of certain heroes. This may be set by the game developer on a schedule, or a per-game voting mechanism by players.",en,wikipedia_glossary
hidden object game,A subgenre of puzzle video games in which the player must find items from a list that are hidden within a scene.,en,wikipedia_glossary
high score,Also hi-score . The highest logged score in a video game. See also leaderboard .,en,wikipedia_glossary
hit marker,Also damage ring . A visual effect that occurs every time the player-character lands a hit on the opponent; commonly seen in first-person shooter games like Call of Duty .,en,wikipedia_glossary
hit points (HP),See health .,en,wikipedia_glossary
hitbox,1.  The area or areas that can inflict damage or other effects to a character (usually not the one which created the hitbox).,en,wikipedia_glossary
hitscan,2. See hurtbox .,en,wikipedia_glossary
hitstun,"Commonly seen in first-person shooters , hitscan is used to determine hits along a path with no travel time. Some games use this technique to detect hits with firearms in contrast to physics-based projectiles which have noticeable travel time.",en,wikipedia_glossary
horde mode,Acronym for Hidden Object Puzzle Adventure. See hidden object game .,en,wikipedia_glossary
hurtbox,See survival mode .,en,wikipedia_glossary
idle animation,An animation that occurs when the player character is not performing any actions.,en,wikipedia_glossary
idle game,"A type of game where player progression happens without the player's input, and often even while the game is closed. See also clicker game .",en,wikipedia_glossary
iframes,Also i-frames . See invincibility frames .,en,wikipedia_glossary
in-app purchase (IAP),"A microtransaction in a mobile game (or regular app ), usually for virtual goods in free or cheap games. [ 5 ]",en,wikipedia_glossary
indie game,"Also independent video game . Loosely defined as a game made by a single person or a small studio without any financial, development, marketing, or distribution support from a large publisher , though there are exceptions.",en,wikipedia_glossary
infinite health,See god mode .,en,wikipedia_glossary
infinite life,See god mode .,en,wikipedia_glossary
infinite runner,See endless runner .,en,wikipedia_glossary
influencer,"A video game player or social media personality that is used as part of a game's promotion. Typically the influencer will be given a pre-release copy of a game to play and review to those people that follow them on social media or streaming sites, with the intent that those subscribers will be influenced to buy the game.",en,wikipedia_glossary
item level,"A number attached to a game item – e.g.: weapon, armor, or clothing – which roughly indicates the item's power, commonly seen in MMORPGs . A character who does not meet the required level of the item would be unable to equip it.",en,wikipedia_glossary
instance,See dungeon .,en,wikipedia_glossary
interface,"Also heads-up display ( HUD ). Graphic elements that communicate information to the player and aid interaction with the game, such as health bars, ammo meters, and maps. [ 15 ]",en,wikipedia_glossary
inventory,A menu or area of the screen where items collected by the player-character during the game can be selected. [ 15 ] This interface allows the player to retrieve single-use items for an instant effect or to equip the player-character with the item.,en,wikipedia_glossary
inventory management,"Preparations a player makes with their character's inventory, such as storing or retrieving items, repairing weapons, etc. Failure to manage an inventory properly may result in losing rare items or being less powerful in combat. Common in hardcore games with limited resources like RPGs and survival horror , while uncommon in more casual titles, which may have an infinite inventory or manage it automatically.",en,wikipedia_glossary
invincibility,See god mode .,en,wikipedia_glossary
invincibility frames,"A brief period of time where a player can't take damage from attacks. Invincibility frames are most commonly triggered by a player action (such as dodging or rolling), by taking damage or as a short period of safety after respawning. See also flashing invulnerability .",en,wikipedia_glossary
invisible wall,"An obstruction in a video game that halts movement in a specific direction, even though terrain and features can be seen beyond the boundary.",en,wikipedia_glossary
invulnerability,See god mode .,en,wikipedia_glossary
joke character,"A character included in a game for humorous reasons, such as having weak stats or an atypical appearance or personality. They may also function as an additional challenge or handicap for skilled players.",en,wikipedia_glossary
johning,The action of making excuses for losing (eg. Poor connection or joystick drift) other variants include pre-johning.,en,wikipedia_glossary
joystick,An input device consisting of a stick that pivots on a base and reports its angle or direction to the device it is controlling. Modern gaming joysticks have several buttons and may include a thumb-operated analog stick on top.,en,wikipedia_glossary
juggernaut,Refers to a game mode where many players face one overpowered enemy (called the Juggernaut) and try to defeat it. The player who kills it often becomes the next Juggernaut. [ 86 ] [ 87 ],en,wikipedia_glossary
kill-death ratio (K/D ratio or KDR),"A statistic typically found in player-versus-player video games, gauging the ratio between the number of opponents the player defeated and the number of deaths the player suffered at the hands of opponents.  More skilled players typically have higher kill-death ratios.",en,wikipedia_glossary
kill farming,When players are stationed near their opponent's spawn point and kill them the moment they respawn .,en,wikipedia_glossary
kill feed,"In multiplayer games, a portion of the game's user interface that shows the last few events (generally, when other players are killed) from the last few seconds, like a news feed.",en,wikipedia_glossary
kill screen,"Level 256 in Pac-Man is unbeatable due to a bug associated with an integer overflow in the game's code. A stage or level in a video game (often an arcade game ) that stops the player's progress due to a software bug . [ 88 ] Not to be mistaken for a game over screen, kill screens can result in unpredictable gameplay and bizarre glitches. [ 89 ]",en,wikipedia_glossary
kill stealing,"Defeating an enemy that someone else was about to defeat, usually to receive the reward or credit without doing most of the work. Considered 'bad form' in many online communities.",en,wikipedia_glossary
King of the Hill (KOTH),"A game mode where opposing teams try to occupy a single point on the map for a certain amount of time, or for as long as possible until the end of the match. [ 90 ] [ 91 ]",en,wikipedia_glossary
kiting,"1.  A maneuver in which a player-character gets an enemy NPC to chase after them so as to lead them somewhere else (like a kite on a string). This can be used to separate groups of enemies to prevent the player from becoming overwhelmed or in team-based or cooperative games to allow the player's teammates to attack the opponent, or to lure the opponent into a trap.",en,wikipedia_glossary
knock-back,"A game mechanic in many types of games where a character is thrown backwards from the force of an attack. During knock-back, the character is unable to change their direction until a short recovery animation is finished. [ 92 ] Knock-back sometimes results in falling down pits if the character is standing close to the edge when hit with a knock-back attack.",en,wikipedia_glossary
Konami Code,"The Konami Code A fixed series of controller button presses used across numerous Konami games to unlock special cheats (such as gaining a large number of lives in Contra ), and subsequently used by other developers to enable cheats or added functions in these games. The term applies to variations on this sequence but nearly all begin with ""up up down down left right left right"".",en,wikipedia_glossary
laner,A player role in MOBA games that focuses on one of the typically three lanes on the map.,en,wikipedia_glossary
LAN party,"A gathering of people who play multiplayer games together over a local network, often bringing their own computers or game systems with them. LAN is an acronym for Local Area Network.",en,wikipedia_glossary
last hitting,"The action of getting the killing blow on an NPC, receiving gold and experience points that would have been reduced or awarded to someone else. MOBA games, such as League of Legends and Dota 2 use this term and most other games use "" kill stealing "".",en,wikipedia_glossary
last man standing,"A multiplayer deathmatch mode in which the objective is not to achieve the most kills but to survive the longest, or alternatively to have the fewest character deaths in a given period of time.",en,wikipedia_glossary
launch game,"A game released simultaneously with its respective platform, or during its near-term launch window.",en,wikipedia_glossary
leaderboard,A list or table logging the highest scores achieved in a particular game. See also high score .,en,wikipedia_glossary
Let's Play (LP),"A type of video game walkthrough done by players, through screenshots or video, where the player provides commentary about the game as they work through it. [ 93 ]",en,wikipedia_glossary
level,"1.  A location in a game . Also area , map , stage , dungeon . Several levels may be grouped into a world . Some games include special bonus stages or secret levels .",en,wikipedia_glossary
level editor,"2.  A character's experience level in a role-playing game , which increases through playing the game to train a character's abilities. It serves as a rough indicator of that character's overall proficiency.",en,wikipedia_glossary
level scaling,3.  A round or wave in a single-location game with increasing difficulty.,en,wikipedia_glossary
"lifesteal (or ""life steal"")","Abbreviation of Looking For Group. Used by players looking to team up with others, the acronym is usually accompanied by a set of criteria or a player's specs .",en,wikipedia_glossary
light gun,"Abbreviation of Looking For More. Used by players who have an incomplete team and are looking for players to fill the remaining spots, the acronym is usually accompanied by a set of criteria (such as a level or class requirement).",en,wikipedia_glossary
live service games,"One of multiple chances that a player has to retry a task after failing. Losing all of one's lives is usually a loss condition and may force the player to start over. It is common in action games for the player-character to have multiple lives and chances to earn more during the game. This way, a player can recover from making a disastrous mistake. Role-playing games and adventure games usually give the player only one life, but allow them to reload a saved game if they fail. [ 95 ] [ 96 ] A life may similarly be defined as the period between the start and end of play for any character, from creation to destruction. [ 97 ]",en,wikipedia_glossary
loadout,"The ability of a character in game to steal the HP of an opponent, typically by attacking.",en,wikipedia_glossary
lobby,A specialized type of game controller that the player points at their television screen or monitor to interact with the game.,en,wikipedia_glossary
localization,See Games as a service .,en,wikipedia_glossary
longplay,"A specific set of in-game equipment, abilities, power-ups, and other items that a player sets for their character prior to the start of a game's match, round, or mission. Games that feature such loadouts typically allow players to store, recall, and adjust two or more loadouts so they can switch between them quickly.",en,wikipedia_glossary
local co-op,"An in-game area or menu in which players connect, congregate and/or plan before entering athe game proper, for instance before beginning a match or embarking on a raid .",en,wikipedia_glossary
local multiplayer,"During publishing, the process of editing a game for audiences in another region or country, primarily by translating the text and dialog of a video game. Localization can also involve changing content of the game to reflect different cultural values and censoring material that is against local law, or in some cases self-censoring in an effort to obtain a more commercially favorable content rating .",en,wikipedia_glossary
loot box,"A recorded playthrough of a game from the beginning to the end without any interruptions or commentary, often made as video walkthrough guides in case players get stuck on some parts of the game. Compare with Let's Play .",en,wikipedia_glossary
loot system,See couch co-op .,en,wikipedia_glossary
macro,"1.  The handling of larger scale decisions, primarily in real-time strategy games. See also micro .",en,wikipedia_glossary
magic,"2.  An usermade algorithm made-up of series of different actions such as spells or abilities made in order to save the player time and gain an advantage in PvP or just quickly shout certain cliché phrases, especially popular in MMORPG s.",en,wikipedia_glossary
main quest,"To focus on playing a certain character in a game, sometimes exclusively.",en,wikipedia_glossary
masocore,Also magic points . A pool of resources inherent to a character that determines the amount of magical abilities they are able to use.,en,wikipedia_glossary
massively multiplayer online game ( MMO ),"A portmanteau of masochist and hardcore , referring to a genre of punishingly difficult games, particularly the Dark Souls series and related Soulslikes as well as indie games such as I Wanna Be the Guy and Super Meat Boy . [ 100 ] The genre is popular among hardcore gamers . See also Nintendo hard . [ 101 ] [ 102 ]",en,wikipedia_glossary
massively multiplayer online role-playing game ( MMORPG ),"A game that involves a large community of players co-existing in an online world, in cooperation or competition with one another.",en,wikipedia_glossary
match-3 game,An MMO that incorporates traditional role-playing game mechanics. Games such as EverQuest and Dark Age of Camelot were progenitors of the genre. The most popular and most well-known game of this type is World of Warcraft .,en,wikipedia_glossary
matchmaking,"A popular subgenre of the tile-matching video game genre, where the number of tiles matches a player must make is three. Well-known match-3 games include Bejeweled and Candy Crush Saga .",en,wikipedia_glossary
maxed out,"A game system that automatically sorts players with similar playing styles, desires, objectives, or skill levels into a team or a group. In competitive games or modes, a matchmaking rating (MMR) is a number assigned to each player based on skill and is the basis for matching players. This rating goes up or down based on individual or team performance.",en,wikipedia_glossary
metagame,2.  Raising a character's statistics to the maximum value.,en,wikipedia_glossary
metastory,"3.  In real-time strategy games, recruiting units until the maximum number is reached.",en,wikipedia_glossary
Metroidbrainia,A common slang term for metagame or dominant strategy. Clipping of metagame . See also cheese .,en,wikipedia_glossary
Metroidvania,"1.  In games that encourage repeated playthrough s and match-based multiplayer games, the gameplay elements that are typically not part of the main game but can be invoked by the player to alter future playthroughs of the main game.",en,wikipedia_glossary
micro,"2.  A dominant strategy or set of strategies, often in the context of a competitive game.",en,wikipedia_glossary
microtransaction,"The sum total of all known or implied stories of every character in the game, every branching storyline, and all potential outcomes and backstory. [ 15 ]",en,wikipedia_glossary
minimap,"A genre of games, where progress is limited by the player's current comprehension of the game world, rather than in-game ability. [ 103 ] Where revisiting previous areas re-contextualizes perceived physical barriers into puzzles and riddles to be solved.",en,wikipedia_glossary
min-maxing,"A genre of exploration-focused games, usually featuring a large, interconnected world. Access to certain areas and defeating certain enemies requires items found elsewhere, necessitating exploration and defeating enemies to obtain them. These games are usually side-scrolling platformers or viewed from the top-down, although they can be found in 3D as well. Many borrow features from Roguelike games, such as permanent death. Named for two pioneers of the genre, the Metroid and Castlevania series.",en,wikipedia_glossary
miniboss,The handling of detailed gameplay elements by the player. See also macro .,en,wikipedia_glossary
minigame,"A business model used in games where players can purchase virtual goods via micropayments. Usually disliked by players, especially when the purchasable goods give players an advantage over players who did not purchase the goods. See also in-app purchase .",en,wikipedia_glossary
mission,"A smaller version of the play area, typically displayed in the corner of a players screen used for navigating the game world . May also display locations of friendly or enemy players. See also Radar .",en,wikipedia_glossary
MMORPG,"2.  Playing the meta , at possible detriment to the story or enjoyment of the game. Colloquialism.",en,wikipedia_glossary
modpack,See matchmaking .,en,wikipedia_glossary
monetization,"An in-game enemy that roams a specific area. Abbreviation of ""mobile"", it was first used in text-based online games in reference to non-player characters .",en,wikipedia_glossary
money hat,See multiplayer online battle arena .,en,wikipedia_glossary
motion blur,"A third-party addition or alteration to a game. Mods may take the form of new character skins, altered game mechanics or the creation of a new story or an entirely new game-world. Some games (such as Fallout 4 and Skyrim ) provide tools to create game mods, while other games that don't officially support game modifications can be altered or extended with the use of third-party tools.",en,wikipedia_glossary
motion control,"1.  Technical or non-play modes for the hardware or software of a video game, such as a diagnostic or configuration mode, video or sound test , or the attract mode of arcade games.",en,wikipedia_glossary
mount,2.  Gameplay modes which affect the game mechanics. See game mode .,en,wikipedia_glossary
mouselook,"A collection of mod s devised to work together to achieve an enhanced or redefined gameplay experience. Modpacks can come in varying dedicated categories depending on the game they're based on, with more universal examples being modpacks tailored towards general content addition or performance enhancement.",en,wikipedia_glossary
moveset,A broad term referring to various methods game developers and publishers have to make money off of their games.,en,wikipedia_glossary
mudflation,"A game system that requires physical movement by the player to control player character actions. Popularized by the Wii , motion control is available on most recent console and handheld systems. [ 23 ]",en,wikipedia_glossary
multi-load games,"Any creature or vehicle the player can use to traverse or use in combat. The arcade game Joust was the first to feature mounts, specifically of an ostrich and a stork.",en,wikipedia_glossary
multiplatform,See free look .,en,wikipedia_glossary
multiplayer,The set of moves or actions that a character can perform,en,wikipedia_glossary
multiplayer online battle arena (MOBA),1.  Abbreviation of magic points .,en,wikipedia_glossary
multiple character control,2.  Abbreviation of multiplayer .,en,wikipedia_glossary
multiple endings,"Also multi-user domain , multi-user dungeon . A multiplayer real-time virtual world, usually text-based.",en,wikipedia_glossary
multiplier,An online game virtual economy phenomenon in which endgame players become rich in currency and drive down the cost of rare items. [ 106 ],en,wikipedia_glossary
New Game Plus (NG+),"An option to play through an already-completed game's story again, carrying over characters, attributes, or equipment from a prior playthrough .",en,wikipedia_glossary
newbie ( newb ),"Someone new to the game, generally used as a pejorative, although often light-heartedly. Not as pejorative as noob .",en,wikipedia_glossary
noclip mode,"A cheat that allows players to pass through normally impenetrable objects – walls, ceilings, and floors – by disabling clipping . [ 13 ] : 119",en,wikipedia_glossary
no johns,"A term meaning ""no excuses"", generally used when a player proclaims false or exaggerated reasons for not playing well. Originates from the competitive Super Smash Bros. Melee community.",en,wikipedia_glossary
non-player character (NPC),"Also CPU . Abbreviation of non-player character or non-playable character , is a computer-controlled character or any character that is not under a player's direct control.",en,wikipedia_glossary
no-scope,"When a player uses a sniper rifle to achieve a kill without using its scope. Considered skillful, especially at range, as hipfired weapons usually have poor accuracy. Similar to quickscoping .",en,wikipedia_glossary
note highway,"A visual element of most rhythm game s that show the notes the player must match as they scroll along the screen. This is more commonly considered a ""highway"" when the notes scroll down the screen on a perspective-based grid, making it appear as a road highway. [ citation needed ]",en,wikipedia_glossary
oddball,"A game mode in the Halo series and a few other first-person shooters, where players on opposing teams attempt to capture and then hold on to a ball for as long as possible, while the opposing team tries to eliminate the player holding the ball in an attempt to get it back. [ 112 ]",en,wikipedia_glossary
old-school gaming,See retrogaming .,en,wikipedia_glossary
on-disc DLC,"Content that is on the physical media (usually a disc) of a game, but cannot be accessed without buying the content separately. Usually day-one DLC is assumed to be this, but not always. This term also includes data which is downloaded with a downloadable game but not accessible without payment. Not used for free-to-play or freemium games.",en,wikipedia_glossary
on rails,"A term that refers to gameplay in which the player can only progress in one direction with limited exploration or branching, similar to a dark ride at theme parks. While this is expected in certain genres, like rail shooters , it may be criticized in genres that normally allow for more exploration.",en,wikipedia_glossary
one-shot,"1.  To eliminate within a very short time frame, usually with only one shot or ability.",en,wikipedia_glossary
one-trick,2.  When an enemy is low on health and one shot away from elimination.,en,wikipedia_glossary
online game,When a player continually chooses to play as a specific character in a wide roster and often refuses to switch. [ 113 ],en,wikipedia_glossary
open beta,A game where part of the game engine is on a server and requires an Internet connection. Many multiplayer games support online play.,en,wikipedia_glossary
open world,The opposite of a closed beta ; the test players are not bound by non-disclosure agreements and are free to show the game to others. See also early access .,en,wikipedia_glossary
Overextend,"Abbreviation of one-trick pony, often used pejoratively, but can also be used boastfully if the person can consistently carry their team.",en,wikipedia_glossary
overpowered (OP),When a player or group of players are moving or moved far into the map where it could be the enemy's territory where they will be most likely outnumbered and destroyed.,en,wikipedia_glossary
overwatch,"An item, ability or other effect that is too powerful, disrupting game balance . Often a controversial term.",en,wikipedia_glossary
overworld,"In turn-based tactics games, a character ends their turn and fires upon any enemies who enter their line of sight, providing covering fire for other characters. [ 114 ]",en,wikipedia_glossary
pacifist run,"An attempt to reach the ending of a game while defeating as few enemies as possible, often exploiting various bugs and glitches.",en,wikipedia_glossary
pack-in game,A game that is included with the purchase of a video game console as a form of product bundling . See also launch game .,en,wikipedia_glossary
paddle,A game controller that primarily included a large dial that could be turned either clockwise or counter-clockwise to generate movement in one dimension within a game.,en,wikipedia_glossary
palette swap,"Video game characters which are graphically similar except for a hue-shifted palette . Typically done to preserve resources or data space that would otherwise be used up by different designs for the same character, especially for games with sprite-based graphics, though other reasons may exist for palette swaps, such as differentiating similar-looking characters with different properties (e.g. the Green and Red Koopa Troopas from the Super Mario series having different behaviors), or accommodating for the presence of more than one instance of the same unique character to avoid confusion or paradoxes, especially in multiplayer games where multiple players pick the same character.",en,wikipedia_glossary
paper doll,"A visual representation of the player character's currently used equipment, in which the items are displayed on top of an image of the character. See Role-playing video game § Items and inventory .",en,wikipedia_glossary
party,"1.  In a cooperative multiplayer game, a team of players working together to complete the same mission or quest . See Role-playing game § Game mechanics .",en,wikipedia_glossary
parry,"2.  In a single player game, a group of characters traveling together on a quest that the player may control or have the most direct access to. The characters themselves are typically referred to as ""party members"".",en,wikipedia_glossary
party game,"A block in fighting and action video games performed by precisely timing a defensive maneuver or block. Parries usually fully negate damage from the attack, and may reflect the attack or put the opponent at a momentary disadvantage. In return for these potential advantages, parries often present a risk-reward dynamic in which missing the precise timing leaves the user open to more damage than they would have suffered using a normal block",en,wikipedia_glossary
patch,"A multiplayer game, usually consisting of a series of short minigames, that can be easily played in a social setting.",en,wikipedia_glossary
pause,"The process by which a developer of a video game creates an update to an already released game with the intention of possibly adding new content, fixing any bugs in the current game, balancing character issues (especially prevalent in online multiplayer games with competitive focuses), or updating the game to be compatible with DLC releases. See also zero day patch .",en,wikipedia_glossary
paywall,"The option to temporarily suspend play of a video game, allowing the player to take a break or attend to an urgent matter outside of the game, or to perform other actions, such as adjusting options, saving the current game or ending the current game session. In multiplayer online or networked games, pausing may not be available as a feature, as such games require continuous activity from all participating players in order to properly function.",en,wikipedia_glossary
pay to win,A monetization method that requires players to spend money to access gameplay features.,en,wikipedia_glossary
pentakill,Commonly used when you or someone in the current lobby you are in does something that is above their current skill level.,en,wikipedia_glossary
peripheral,"Usually used within MOBAs , a pentakill occurs when a single player gets the killing blow on 5 opposing players in rapid succession, resulting in a team elimination. Comparable to ace .",en,wikipedia_glossary
perks,An optional hardware component for a video game system. [ 115 ],en,wikipedia_glossary
permadeath,"Special bonuses that video game players can add to their characters to give special abilities. Similar to power ups , but permanent.",en,wikipedia_glossary
persistent state world (PSW),"Also hardcore mode . Generally refers to when a player must restart the game from the beginning when their character dies, instead of from a saved game or save point . This may also refer to the case of a player having to restart the game due to failing to meet a certain objective. The term may also apply to squad-based games such as tactical role-playing games, if the death of the character eliminates that character from the game completely but the game may continue on with other characters.",en,wikipedia_glossary
pervasive game,An online game-world that exists independently of the players and is semi-permanently affected by their actions.,en,wikipedia_glossary
physical release,"A game that blends its in-game world with the physical world. [ 116 ] The term has been associated with ubiquitous games , mixed-reality games , and location-aware mobile games . [ 117 ] Examples of pervasive games include Pokémon Go and Pac-Manhattan . [ 118 ] [ 119 ]",en,wikipedia_glossary
physics game,"A version of a video game released on an optical disc or other storage device, as opposed to a digital download .",en,wikipedia_glossary
ping system,"1.  In online game s, the network latency between the client and server. See also lag . Can also be used like lagging , if there is a high network latency.",en,wikipedia_glossary
pity pull,2.  A means of highlighting a feature on a game's map that is seen on the user interface of allied players (as a part of a ping system ).),en,wikipedia_glossary
pixel hunting,"In co-operative multiplayer games, gameplay feature that allows players on the same team to visibly highlight, or ""ping"", other features on the map (such as waypoints, enemies, or treasure) to their allied players. While ping systems existed in various genres such as MOBAs before, Apex Legends in the late 2010s was cited with popularizing the system for first-person shooters that enabled effective communication between players without the need for voice chat. [ 120 ]",en,wikipedia_glossary
pixel-perfect,A mechanic in certain gacha games where a player will eventually be guaranteed a high-quality item after too many unsuccessful pulls .,en,wikipedia_glossary
plant,"A game element that involves searching an entire scene for a single (often pixel-sized) point of interactivity. Common in adventure games, most players consider 'hunt-the-pixel' puzzles to be a tedious chore, borne of inadequate game design. [ 121 ] The text-adventure version of this problem is called 'guess-the-verb' or 'syntax puzzle'.",en,wikipedia_glossary
platform,"An action that must be performed whilst being positioned within a pixel -wide gap for perfect execution. A pixel in this case may refer to a screen pixel or an in-game pixel, such as in video games that utilize pixel art .",en,wikipedia_glossary
platform game,"""Plants"" are often found in games that feature a variety of microtransactions. They are ""players"" who collude with game developers to promote unhealthy competition. These ""plants"" are discretely given free and powerful items by game developers. This is typically done to artificially create competition for the legitimate paying players so that the already paying players feel the need to spend more money to compete against this new ""player.""",en,wikipedia_glossary
platting,"1.  A buzzword for operating system , a video game is released for Windows or Android and so forth, not for PC, console or mobile. A corporation that controls a platform is referred to as a ""platform holder"".",en,wikipedia_glossary
player-character (PC),"Also platformer . Any video game, or genre which involves heavy use of jumping, climbing, and other acrobatic maneuvers to guide the player-character between suspended platforms and over obstacles in the game environment. [ 15 ]",en,wikipedia_glossary
player versus environment (PvE),"A term exclusive to PlayStation users that refers to obtaining all achievements of a game. The word ""plat"" refers to the platinum trophy, which is usually the most difficult achievement to obtain and often the last one to be unlocked. It is sometimes denoted as ""platinum"" when used as a verb.",en,wikipedia_glossary
player versus player (PvP),"When the performance of a player is decisive, skillful, or otherwise noteworthy, the events or actions of the player as a whole are referred to as a ""play"" (e.g. ""Nice play dude"").",en,wikipedia_glossary
player's handbook,"The character controlled and played by the human player in a video game. Often the game's main protagonist . Tidus from Final Fantasy X and Doomguy from the Doom series are all ""player-characters"" developed by their game studios. Compare with NPC .",en,wikipedia_glossary
playthrough,"Refers to fighting computer-controlled enemies ( non-player character s), as opposed to player versus player (PvP).",en,wikipedia_glossary
playtesting,"Refers to competing against other players, as opposed to player versus environment (PvE).",en,wikipedia_glossary
pocket (pocketing),See walkthrough .,en,wikipedia_glossary
pog/poggers,"The act of playing a game from start to finish, in one or several sessions. Compare with longplay .",en,wikipedia_glossary
point of no return,"A process in which game developers observe players (called playtesters) testing their game and what the user experience is like in real-time, in order to see where players get stuck, what information is and isn't communicated clearly, and which gameplay elements are found enjoyable or frustrating.",en,wikipedia_glossary
postgame,"From PogChamp , a term meaning great or awesome, often a play in a game.",en,wikipedia_glossary
popping off,A point in a game from which the player cannot return to previous areas.,en,wikipedia_glossary
power-up,See game port .,en,wikipedia_glossary
power creep,"Gameplay which takes place after completion of a game's storyline; the postgame may unlock new means to play the game, such as New Game Plus , additional minigames or sidegames, or even an additional, second storyline for the player to play through.",en,wikipedia_glossary
power spike,"Used mostly in the context of esports competitions or video game streaming , a gamer is said to ""pop off"" when they unexpectedly perform exceptionally well in a video game for a short period of time.",en,wikipedia_glossary
p-rank,An object that temporarily gives extra abilities or buff s to the game character. Persistent power-ups are called perks .,en,wikipedia_glossary
